,fabric,forge,neoforge,quilt,ornithe,rift,liteloader,Version Total
1.21.10,13546,4177,7240,4212,8,2,5,15245
1.21.9,11586,3966,6452,4050,8,2,5,13082
1.21.8,14201,4141,9103,4212,8,2,6,17330
1.21.7,11761,4098,6672,4200,8,2,5,13339
1.21.6,11637,4111,6658,4187,8,2,5,13258
1.21.5,12653,4265,7639,4263,8,2,5,14944
1.21.4,13622,4309,9383,4259,9,2,5,17588
1.21.3,10903,3766,6465,3777,9,2,5,12860
1.21.2,9887,3032,5778,3574,8,2,5,11679
1.21.1,19474,5384,21231,4768,9,2,5,31979
1.21,13116,4423,7204,4477,8,2,5,15283
1.20.6,7938,4557,3744,2855,9,2,5,10841
1.20.5,6801,3708,2259,2621,8,2,5,8666
1.20.4,10066,5975,4277,3350,9,2,5,13577
1.20.3,7609,4853,2088,2880,8,2,5,9770
1.20.2,9076,5856,2540,3298,9,2,5,11728
1.20.1,17634,25141,5072,4942,9,2,5,34659
1.20,0,0,0,0,0,0,0,0
1.19.4,6262,5505,925,2623,10,2,5,9068
1.19.3,5566,3685,841,2471,9,2,5,6881
1.19.2,7478,8091,1022,3120,10,2,6,12233
1.19.1,4757,2813,822,2213,9,2,6,5612
1.19,5064,2939,815,2299,10,2,6,6044
1.18.2,5391,5975,790,2109,10,2,5,8784
1.18.1,3509,2057,628,1303,9,2,5,4175
1.18,3226,1727,626,1268,9,2,5,3682
1.17.1,3049,2116,553,1031,10,2,5,3971
1.17,2443,953,527,944,9,2,5,2587
1.16.5,3005,4227,507,867,10,2,5,5817
1.16.4,1941,1397,462,720,9,2,5,2546
1.16.3,1701,1162,457,698,9,2,5,2141
1.16.2,1632,1001,456,694,9,2,5,1928
1.16.1,1448,926,442,673,9,2,5,1725
1.16,1361,764,439,665,9,2,5,1519
1.15.2,1076,1161,372,553,9,2,4,1687
1.15.1,922,633,367,521,8,2,4,1077
1.15,923,584,366,521,8,2,4,1030
1.14.4,947,1010,345,500,19,2,4,1487
1.14.3,737,517,337,452,18,2,4,841
1.14.2,727,512,336,448,18,2,4,830
1.14.1,712,471,334,446,18,2,4,789
1.14,713,470,331,442,18,2,4,791
1.13.2,393,460,255,322,29,23,4,576
1.13.1,375,333,249,312,26,4,4,432
1.13,374,333,248,310,26,9,4,436
1.12.2,166,2696,86,65,46,2,18,2806
1.12.1,114,354,65,48,40,2,13,445
1.12,116,392,67,51,41,2,14,482
1.11.2,115,344,38,42,35,2,8,437
1.11.1,97,102,35,36,35,2,5,188
1.11,100,171,38,40,35,2,7,253
1.10.2,113,374,37,42,34,2,7,464
1.10.1,95,107,33,35,34,2,5,191
1.10,62,39,18,23,27,1,3,103
1.9.4,111,224,37,41,35,2,8,315
1.9.3,93,79,34,34,33,2,5,161
1.9.2,93,78,34,34,33,2,5,160
1.9.1,93,78,34,34,33,2,5,160
1.9,95,146,37,38,33,2,7,223
1.8.9,144,697,42,42,111,2,12,854
1.8.8,96,123,36,39,32,2,6,203
1.8.7,90,67,32,35,32,2,6,148
1.8.6,90,67,32,35,32,2,6,148
1.8.5,90,67,32,35,32,2,6,148
1.8.4,90,67,32,35,32,2,6,148
1.8.3,91,67,32,36,32,2,6,149
1.8.2,90,68,32,35,32,2,6,149
1.8.1,90,69,32,35,32,2,6,150
1.8,94,119,35,40,32,2,7,196
1.7.10,104,869,35,39,37,2,11,958
1.7.9,79,45,27,34,33,2,4,118
1.7.8,79,45,27,34,33,2,4,118
1.7.7,79,45,27,34,33,2,4,118
1.7.6,79,45,27,34,33,2,4,118
1.7.5,79,45,27,34,33,2,4,118
1.7.4,79,45,27,35,33,2,4,118
1.7.3,78,44,26,34,33,2,4,115
1.7.2,83,96,28,39,33,2,6,171
1.6.4,81,127,26,36,33,2,6,203
1.6.2,71,52,21,32,31,1,4,122
1.6.1,71,30,21,32,31,1,3,100
1.5.2,71,70,18,28,32,1,4,144
1.5.1,67,44,18,27,30,1,4,114
1.4.7,70,72,18,28,33,1,3,144
1.4.6,67,48,18,27,30,1,3,116
1.4.5,67,39,18,27,29,1,3,106
1.4.4,67,27,18,27,29,1,3,94
1.4.2,68,36,18,28,29,1,3,104
1.3.2,68,46,17,26,32,1,3,115
1.3.1,65,27,17,27,28,1,3,93
1.2.5,62,67,18,23,25,1,3,128
1.2.4,59,27,18,23,24,1,3,86
1.2.3,59,36,18,23,24,1,3,95
1.2.2,59,20,18,23,24,1,3,79
1.2.1,59,20,18,23,25,1,3,80
1.1,62,39,18,23,27,1,3,103
1.0,61,29,20,21,31,1,3,101
Modloader Total,38348,34168,27440,9486,151,26,23,
